Name,Salary,Exp
Akib,10376,5
Sazzad,10523,5
Kawsar,11011,5
Jamil,11032,5
Akib,11347,5
Rahim,11606,5
Tanim,12399,6
Rahim,12729,6
Tanim,12843,7
Kawsar,13430,7
Abid,13554,7
Akib,13575,7
Abid,13624,7
Jamil,16185,7
Karim,16635,7
Jamil,16731,7
Karim,16992,8
Tanim,17066,8
Rahim,17391,8
Misbah,18674,9
Jamil,19029,9
Karim,19265,9
Misbah,19463,9
Karim,19509,9
Abid,19784,9
Rahim,21466,9
Rahim,21499,10
Kawsar,21926,10
Tanim,22012,10
Sazzad,22721,10
Misbah,23153,10
Tanim,23425,10
Abid,23575,11
Jamil,23754,11
Karim,24062,11
Tanim,24874,11
Misbah,26535,11
Jamil,26877,11
Kawsar,27008,12
Karim,27117,13
Kawsar,27118,13
Misbah,27154,14
Kawsar,28034,14
Jamil,28522,14
Jamil,28613,14
Tanim,29472,14
Sazzad,29953,14
Sazzad,30856,14
Sazzad,30991,15
Karim,32016,15
Sazzad,32025,15
Kawsar,32275,15
Akib,32741,15
Rahim,32864,15
Tanim,33034,15
Rahim,33727,15
Misbah,34353,16
Sazzad,34376,16
Rahim,34390,16
Akib,35043,16
Karim,35676,16
Akib,35854,16
Kawsar,36690,17
Akib,36781,17
Kawsar,36977,17
Karim,37129,18
Rahim,37322,18
Sazzad,37550,18
Abid,37580,18
Sazzad,38273,18
Abid,38844,19
Kawsar,39849,19
Karim,39914,19
Tanim,40085,19
Jamil,40428,19
Sazzad,40771,20
Misbah,40924,20
Abid,41028,20
Misbah,41349,21
Abid,41761,21
Sazzad,41972,21
Abid,42320,21
Misbah,42619,22
Sazzad,42951,22
Karim,43443,22
Tanim,43821,22
Akib,43880,23
Jamil,44445,23
Jamil,44600,23
Akib,45041,23
Abid,45248,23
Kawsar,46472,23
Tanim,46650,24
Akib,46690,24
Rahim,47345,24
Tanim,47688,24
Karim,47873,24
Akib,48058,24
Misbah,48164,25
Abid,48274,25
Misbah,48331,25
Kawsar,48567,25
Abid,48690,25
Misbah,48803,25
Jamil,48943,25
Akib,49213,25
Rahim,49471,25
Rahim,49675,25
